,x,y,time,demand
0,3080.6168887199337,6131.61196844045,3.5006262292337427,5.0
1,4520.50536023815,3110.8879324695126,11.49665464152122,4.981910664886787
2,5925.544832019163,6565.85252257757,9.323101060441736,4.963901637455424
3,7811.649638644485,4506.562088646916,6.84562260522103,4.945972561179609
4,5319.832379826546,2349.8171350278553,11.741868834752534,4.928123081115835
5,9169.608687199427,2453.062920084871,7.599110286579435,4.910352843896378
6,8186.728668884812,3905.457554493981,5.357484470698656,4.892661497722283
7,5931.671825768841,5418.0402496680545,5.2449261587508325,4.875048692356414
8,5618.440465455853,6194.055116543389,6.074177749680269,4.857514079116509
9,6582.915025427096,4597.595282652237,9.355670629509788,4.8400573108682865
10,7160.218517585357,2278.5083138288855,8.396759368921705,4.822678042018567
11,6167.6340885747995,6962.771564875207,10.293222168413143,4.805375928508434
12,6434.3347481195615,6985.791093505879,10.134767146992766,4.788150627806423
13,7967.788582200301,5368.66558092335,10.529990662994905,4.771001798901736
14,5948.217359046551,4249.763487405393,6.9917778973866405,4.753929102297499
15,7876.461990402521,4396.597493482496,7.758798110114074,4.736932200004032
16,5360.896863919448,1976.6383300460843,6.386180561702112,4.720010755532165
17,4448.251197717553,4332.3739785028465,9.151280272318761,4.703164433886569
18,4969.806216677609,2814.9070739182343,5.819426786322213,4.686392901559131
19,5354.882107431737,5405.725040968909,8.87252159346503,4.6696958265223465
20,3702.3653394824064,3873.5032872242937,6.416392104141641,4.653072878222752
21,7065.324585953975,7709.842738863607,8.63293576836476,4.6365237275743745
22,4841.103729502025,7204.162301459326,4.9714840309239,4.620048046952222
23,4139.50898102287,3304.8649964155084,7.409165520507677,4.603645510185793
24,6621.356988717687,4028.623125611489,6.06278642560541,4.587315792552622
25,2846.9645485487445,5477.27211308135,6.433417257329592,4.57105857077185
26,5925.326539209464,5550.984815926213,7.924639197328281,4.554873522997827
27,5377.794794130495,6242.791235545852,5.135731278898582,4.538760328813734
28,3872.0133367063736,4891.740129116961,5.983906566802751,4.522718669225249
29,7081.491619479975,1621.3530348978557,6.7875788935267085,4.506748226654221
30,4870.744501735837,4372.211002724546,9.113892136630191,4.490848684932391
31,7478.55886825366,4425.397216985978,6.920030742571865,4.475019729295135
32,6627.559321205093,5261.464915983996,7.576300061999971,4.459261046375221
33,5041.6210181988445,6447.468067018457,6.6354415162182505,4.443572324196615
34,9521.46688416428,6583.8111509426835,6.891916457162801,4.427953252168303
35,6362.786367848625,5799.842731848251,8.916668697058144,4.412403521078138
36,5360.329384012232,4645.618557975346,9.214671339043985,4.396922823086727
37,9615.478568064205,5275.728933759585,9.102423160320889,4.381510851721325
38,5304.0673865643075,3912.0431490114247,11.258834268645945,4.366167301869778
39,11144.080585202308,6854.403365147587,9.270196909878402,4.350891869774479
40,7218.969514661409,4369.587794707299,9.028280663638668,4.335684253026352
41,9604.866845344095,4936.106141714635,6.243609296901055,4.32054415055887
42,8306.68762730611,1981.615796417812,7.3860871273443465,4.305471262642088
43,4838.124728410404,4661.454194875147,8.675136393409685,4.290465290876719
44,7078.572405461617,6714.399176664469,9.216747115297832,4.275525938188216
45,9104.080272508822,4912.619383682766,9.940924471222102,4.260652908820898
46,10409.049088691048,4250.2661729508345,7.206325289239426,4.245845908332093
47,6480.74226364731,7451.040706262329,9.65491915937309,4.231104643586307
48,3447.0556137941417,3352.131745783704,7.628517253127941,4.216428822749425
49,6974.271968461837,3595.5704481403795,9.123271936267296,4.201818155282926
50,5001.321138684829,2637.1621797744165,5.0310413131904,4.187272351938143
51,4626.6052519042005,7081.065547522585,10.6292044197921,4.172791124750521
52,7901.706460327636,2068.3395572681407,9.365135108319189,4.158374187033934
53,5259.002384890549,4760.962984171072,7.252143662107601,4.144021253374994
54,6645.683954765187,4273.6915529838125,9.024575871847205,4.1297320396274095
55,4521.626004876495,5052.482682993939,9.218432119178136,4.115506262906354
56,5431.7830030214045,6923.298501657017,10.583668334931756,4.1013436415828775
57,4264.5072940760865,4361.725337562799,7.484482159094522,4.087243895278316
58,9100.398031423829,4422.710326016051,6.545256175858817,4.073206744858749
59,4532.262257116461,2830.6587646164853,8.853086516462383,4.059231912429473
60,6578.514036366885,5765.134656402246,7.42691499535241,4.0453191213295
61,7625.364387145923,4932.656713750416,10.589551962768843,4.03146809612608
62,5523.694413311415,5105.553511978678,7.522618839957296,4.017678562609243
63,7576.693796790525,7041.146848911598,8.46204251983464,4.003950247786384
64,6880.997123594543,5422.762015457443,7.106077014321647,3.9902828798768417
65,9049.686381444004,2777.8329586784107,8.331141651376274,3.9766761883065307
66,7523.47015779443,3820.7690414001963,8.100086603438639,3.96312990370258
67,8218.494219426386,8877.106703975653,6.066369581654447,3.9496437578879986
68,7296.297417000205,6448.137708748514,8.28534938484002,3.93621748387637
69,1890.985888247017,4033.6741990721903,5.650627931362374,3.9228508158665654
70,3906.27346651732,3334.042859881965,9.51712650426654,3.9095434892374805
71,7444.99121498635,2324.3702697993617,10.143961089804339,3.896295240542796
72,2724.089566119284,6065.620866650087,6.90248513126036,3.8831058075057685
73,6783.801232596281,4568.911211455103,9.386371325643568,3.8699749290140284
74,7646.238734551862,4069.0822218298626,7.8328529695124285,3.856902345114418
75,7777.672338513782,5279.875859466639,8.950207269644576,3.843887797007841
76,4087.877714185729,6236.4518208564195,8.41865015479982,3.8309310270441435
77,7080.295356006798,3390.1739422627315,7.269785737187612,3.8180317787170086
78,6996.6832056256935,10000.0,6.011283359553859,3.8051897966588797
79,6634.702904156608,3102.5650720796384,10.25154377351548,3.7924048266359094
80,6282.802733504917,5605.69996374735,10.229809368202808,3.779676615542916
81,5447.048810619057,4436.156696311368,7.936273509166675,3.7670049113983866
82,2679.8459139106812,5043.81065099577,7.134659898430286,3.7543894633394768
83,9479.7730284199,7679.034803103408,8.534458063810874,3.7418300216170493
84,7462.742963330651,6689.9838074886175,7.549595269571092,3.7293263375907304
85,6925.225777956938,2184.477662691862,6.003871072538914,3.7168781637239863
86,7025.813879775962,4838.655463379268,9.077278488387842,3.704485253579221
87,8763.237788283284,3377.6052870798067,8.033573962847301,3.6921473618129017
88,3533.5995351758534,3869.577088278143,7.500682861506366,3.679864244170699
89,3392.4099283163896,2735.3768262688336,7.018525020413368,3.6676356574826494
90,2188.2610049196346,2669.6131491316705,8.147383007635584,3.655461359658345
91,5197.710760193969,5725.652450091806,7.988876781374819,3.6433411096821406
92,6257.969936855027,5957.286542619294,8.848368449523434,3.6312746676083782
93,5974.207226152108,4525.974811592566,8.574409837097182,3.619261794556642
94,2715.6257986045434,4300.400338316713,9.223318092508372,3.607302252707025
95,3715.6563155267327,5767.872018007964,4.805431766464464,3.595395805295425
96,9625.167021839545,3627.103826168277,8.271760999782627,3.5835422166088517
97,5475.927776751152,1160.193968533344,9.345279772412812,3.5717412519807676
98,5334.308542556421,6884.038502472581,8.816039607637867,3.5599926777864352
99,7857.180443740681,6291.770364423003,10.093566351127537,3.548296261438297
100,8235.065172790099,5110.159546572594,6.827746017715363,3.536651771381367
101,6591.986491958413,6257.200812551217,8.66180578271306,3.525058977088651
102,6768.974856288835,6021.518693038174,6.530491342336793,3.513517649056578
103,3588.3814551384507,5667.66272185304,11.215499455078561,3.5020275588004606
104,6802.915600147702,6826.474409567079,7.255601938748824,3.4905884788499706
105,7263.351453368732,2926.7267638311987,7.518288097431569,3.4792001827446324
106,7952.004640733467,3292.4940859059693,9.046912259529993,3.467862445029347
107,4901.233024340371,6186.135829193702,6.7938589731485575,3.456575041249921
108,8073.802530237393,5318.952938748178,5.890638231762745,3.445337747948628
109,7923.309785526918,5671.148740366371,10.555641846419725,3.4341503426597813
110,5130.674108126668,5617.122576842694,9.94137198159071,3.4230126039053337
111,7705.105244549169,7901.451629913844,8.770241257730266,3.4119243111904902
112,4341.580670323381,3831.0016811750893,7.385181670792003,3.4008852449993423
113,3098.9779089366243,6737.429835294247,9.39776986729465,3.389895186790525
114,5064.215977926311,3532.2678866024185,5.538153516608045,3.3789539189928863
115,6429.584361476166,3813.270787398173,5.581292882329768,3.3680612250011857
116,5078.083151374424,2780.209576059142,6.099023475865954,3.3572168891717995
117,2887.9466570888953,6384.233765431416,7.431187786977343,3.3464206968184556
118,6878.529169497067,3373.0715444148354,8.646175269850655,3.335672434207984
119,5714.383372069209,4003.7732601824805,7.0392274993332205,3.3249718885560817
120,3855.931815691407,9387.273488511486,7.318014999819407,3.314318848023105
121,5605.430794871917,2139.732125764753,7.2999828651767995,3.303713101709871
122,4683.246994320252,4984.892285961731,9.021494983018389,3.293154439653486
123,6032.061436828153,5725.360684447356,7.771206364766058,3.282642652823187
124,5558.636951315041,5194.150713012284,7.40181912214206,3.272177533116204
125,6922.23097182078,8038.171646389185,5.605725828595707,3.261758873353641
126,5529.379542496138,4528.7367626275845,7.209018476585245,3.251386467276371
127,1938.9597042370497,6121.374611806992,7.446444731588135,3.24106010954096
128,4290.149578878071,3211.2953202988538,5.061392217385836,3.230779595715591
129,4232.613349942612,6747.81075303298,7.488486614028107,3.220544722276029
130,6388.043467890987,4075.3885205564193,7.726328475484496,3.21035528660158
131,6016.241378536167,6460.5222031349585,6.638823501778471,3.2002110869710907
132,8026.249807831003,5464.984736663369,8.253076494138604,3.1901119225589465
133,5756.8118496582965,6181.487059620938,9.822121910352424,3.1800575934311
134,3915.972961342247,3745.3823094228965,11.455129570138947,3.1700479005411113
135,6341.532976067785,3260.8833064940186,7.625148318972225,3.160082645726208
136,7244.111210966259,3845.829045012136,6.770005384650986,3.150161631703365
137,5451.141085700207,5708.047727079819,6.621212994560414,3.1402846620653904
138,7531.456249398861,3899.741066701112,8.708434740340955,3.130451541277049
139,5231.136124222248,5406.6255193944835,5.023359114624855,3.1206620746711797
140,5974.491828064089,5924.181506409179,10.12545183979787,3.1109160684448516
141,6048.0750093785155,1886.4271992927852,6.481389853034064,3.1012133296555207
142,4301.683078224032,4570.926367715282,9.316517762579176,3.091553666217212
143,5057.276731405882,4012.4867365254877,5.826780820006977,3.081936886896717
144,6284.025516909131,6331.991553386227,9.70924936012844,3.0723628013098088
145,6665.656392487226,8154.07980780051,8.747023380349319,3.0628312199174723
146,9208.992314131237,4373.005106176264,7.83570028089274,3.0533419540221494
147,4695.447462150979,7610.383269622967,8.072044353198214,3.043894815764008
148,7738.317099129966,5661.738781641218,7.564772240930874,3.0344896181172207
149,7134.749761447434,4182.568934926701,8.496835716396031,3.02512617488626
150,7645.8956807625,5060.906885126322,5.20972548667357,3.015804300702215
151,4726.857267049782,4882.369924402466,8.47955368648524,3.0065238110191217
152,5276.757895836013,6479.207445604057,8.260529013482842,2.9972845221103093
153,4829.117363993658,1940.6865253443789,6.19577376070114,2.9880862510647597
154,5510.227532978335,5347.826709876154,7.791435114809087,2.978928815783492
155,7083.983742710934,7212.50148226101,9.50659744998283,2.9698120349759525
156,6112.512469197344,6120.334375129342,7.1255291083403405,2.960735728156428
157,7739.69662425164,5035.730826674467,9.424235947679403,2.9516997156404745
158,4439.16039860526,5560.937264771923,8.37092176223164,2.9427038185413545
159,2091.223610002912,4484.124556051759,8.727796452612871,2.933747858766501
160,5880.40290057676,5092.2738608623995,6.749770392260651,2.9248316590139893
161,5672.45032804607,5929.041391607826,10.058775132492311,2.9159550427690286
162,6505.3624321028055,4580.450486662283,7.65679403120375,2.907117834300463
163,6638.776805391306,2821.472751067934,7.255010043315045,2.8983198586573002
164,3104.4733630859823,2509.065711593813,9.358178494587657,2.8895609416652395
165,2125.726641849062,5830.770022420116,8.151755505151236,2.88084090992323
166,10712.841094391311,5183.963941960046,7.711545420547967,2.8721595908000364
167,8818.257495482716,6341.138489970919,9.757593395101239,2.8635168124308175
168,8231.351655574104,3773.1687279899506,8.289876681767614,2.8549124037137297
169,8432.696290302325,3224.965574570715,8.77483906267056,2.8463461943065345
170,6632.860709841499,6296.566803027066,7.888574762016245,2.837818014623231
171,7156.114361552392,5488.709098683399,6.643330224132079,2.8293276958306937
172,4135.803569646963,4350.075464608291,7.717344505064581,2.820875069845334
173,6266.4508896505995,4784.967870925481,6.251543244906653,2.8124599693297703
174,6734.116246803168,3752.70077440989,9.610524229603646,2.8040822276895163
175,8982.704043999236,6301.41916824161,6.745064831354928,2.7957416790696836
176,1545.6621820298424,5323.188867390279,10.039215714869206,2.787438158351695
177,10053.823202267413,5203.292332617996,7.732086955066187,2.779171501150021
178,7526.691591570481,6129.446177713294,7.318831672454989,2.7709415438089184
179,6829.3441723375,4052.1949418140152,9.58914321079426,2.7627481233991995
180,6096.733518086954,7559.952064308331,10.837278113175579,2.754591077714996
181,5469.662819444231,2982.226071530878,8.629838990603352,2.7464702452705576
182,3294.154803645169,4636.416333599234,8.840446956808279,2.7383854652970485
183,5581.792810436173,7519.787370469439,8.507864883722352,2.7303365777393678
184,6767.776032398987,5008.343597478692,7.397967160324566,2.7223234232529783
185,5643.120284667741,4568.137307807678,8.96119512293601,2.7143458432007552
186,6833.623685382455,4979.824805303971,7.3828862669944275,2.7064036796498447
187,6479.127966760469,6855.422713905922,8.65164153152949,2.698496775368533
188,3505.791007102309,3989.0942368371307,5.701493402703437,2.690624973823141
189,4151.711300154318,4328.3345494158275,9.841222624118224,2.68278811917492
190,6327.555776364063,6149.0976951634,6.9644279917761684,2.6749860562769676
191,2603.78399043747,4501.557256583369,6.4343613228490595,2.667218630671158
192,8550.420100230884,3296.305019168334,8.56365712593986,2.6594856885850815
193,7592.129022427969,4929.730344590982,8.146592723520333,2.6517870769290024
194,5180.440565515443,3505.6141191027764,7.383562662977091,2.6441226432928273
195,4811.766997534653,5133.152539562894,7.078440121470511,2.6364922359430905
196,5465.2538755343685,4425.376193435952,6.470041164807641,2.628895703819942
197,5837.7114628026075,4812.424298949412,8.968347498635364,2.6213328965341685
198,4506.27968923462,4007.839779739971,8.227295349664447,2.613803664364207
199,6930.15095375091,6287.967972975017,9.340109129553646,2.606307858253185
200,6919.780481701408,5448.611729595446,8.863536616432501,2.59884532980597
201,5791.833893101075,4801.004744576887,8.182014192713035,2.5914159312862264
202,7904.643232398332,4008.1449663077096,6.9636604439623735,2.584019515613499
203,9217.532183704647,4311.90306436609,10.590304308798702,2.5766559363602948
204,3224.7721488888883,4408.905769924406,6.7986523916460815,2.569325047749187
205,8133.215539140505,4509.986147452294,8.490928552359724,2.562026704649926
206,3970.241983421734,6085.377037186341,10.112184769333162,2.554760762576573
207,3485.4828772532155,3661.382761982632,9.521841961508045,2.5475270776846313
208,4025.33278239448,4776.2917142666765,8.86312665026507,2.5403255067682045
209,6821.2698322242195,4818.154679475494,6.790795218708528,2.533155907257158
210,3748.8926046495767,6358.070262870667,10.92925204190877,2.5260181372142987
211,5021.120438148591,6606.296279872695,7.590587358548364,2.5189120553325655
212,6300.026609140468,5753.213753183623,6.111570702331165,2.511837520932227
213,3340.2348606995834,6693.984924397173,8.64884486728933,2.504794393958105
214,5024.658274835435,5932.88453466134,7.845596944586691,2.4977825349767935
215,5033.918673166391,5105.247466973011,7.123943306177775,2.490801805173902
216,5287.611385481444,7575.164284475465,6.032716669887341,2.4838520663513077
217,7807.405982202905,4154.868536914608,10.063208340313038,2.4769331809244184
218,6846.534954172047,5905.931009488977,9.730500319885435,2.470045011919452
219,6418.081467655143,4072.410679309988,5.40853044567524,2.463187422970717
220,5481.062474397669,3448.99563054593,9.552187401422275,2.4563602783179235
221,2425.470956625411,6846.810766189544,7.986491968762393,2.449563442803485
222,3900.3327453388756,5049.086694762922,6.053219575956684,2.442796781869851
223,7150.256208148776,7422.277518968105,7.504364997324412,2.4360601615568394
224,6448.786279534264,6887.513986352547,8.979578892534079,2.4293534484989845
225,6092.475232117463,5326.204503891444,5.90135190079779,2.422676509922896
226,6085.9880773525365,5181.14690055446,7.6345605016179405,2.416029213644634
227,6262.906736377731,8895.491255018402,5.5295657961794795,2.409411428067086
228,3261.0011080112563,5094.0413988546425,7.792455316458258,2.4028230221773708
229,5038.828194921759,1700.3644329498848,7.379472087113324,2.396263865544236
230,6873.898679290866,7045.156496357844,9.642530208127065,2.389733828315478
231,7831.276375991788,6441.0836733218875,8.580385544724098,2.383232781215377
232,6332.319586781358,5813.706824981682,7.190386111090634,2.3767605955421294
233,6261.394474514334,4965.115542182993,7.1824310664454805,2.370317143165306
234,9731.298541650802,5001.481769681889,10.620133602835702,2.363902296523311
235,3257.297728988751,5448.17574833948,8.082519608323235,2.3575159286208613
236,3972.1593798968215,5072.715397402909,6.968522914921006,2.35115791302647
237,10102.753828717165,6717.408675636865,7.890381794615892,2.3448281238699407
238,4725.97169126938,7180.044161979138,10.314517044280285,2.3385264358398796
239,4028.7418576962054,3529.9823029130216,8.619037217374366,2.332252724181216
240,4354.148985385968,5640.958030623657,9.729109203466667,2.326006864692725
241,9987.029959726244,2880.458744022674,6.6353781175335165,2.319788733724576
242,6064.487017397884,7232.170234484067,8.280476375976024,2.3135982081758844
243,6190.799405904104,4295.93924446893,7.094168421110113,2.3074351654922696
244,4859.728835282874,5131.568198961156,10.34489637429872,2.301299483663432
245,6010.561018198126,6742.699116703017,9.625896823228972,2.295191041220739
246,7373.26042075105,3749.930619089968,9.273526780264461,2.289109717234817
247,9624.41426833351,5287.738129614295,7.730285724833012,2.2830553913131597
248,3376.696749411907,3151.801347255907,10.452813970265842,2.2770279435977416
249,9189.797202270367,5132.512382520595,7.548465782077372,2.271027254762651
250,7625.240083063723,5461.2789428937795,9.502115643123652,2.265053206011723
251,6097.30792630096,1581.7123495080418,10.853459592006626,2.259105679076187
252,4691.992660991473,6139.600719775532,9.632168074987042,2.253184556212328
253,4719.0759972769065,3231.2906139982733,8.561446342372317,2.247289720199156
254,5010.379478023441,4424.755581040535,5.597332355986883,2.241421054336083
255,7378.1424016540805,4589.627945476085,9.895126695138016,2.2355784424406133
256,6438.771824408426,2923.7735402398944,5.670914823150547,2.229761768846045
257,8364.941383978581,5566.753519105667,7.1598555315942995,2.2239709183991785
258,5517.841574061327,5088.025197435213,8.290118675187063,2.2182057764580376
259,5586.979679198079,2873.8199323452936,7.872051395289237,2.212466228889598
260,3853.969083302755,7336.135817647233,9.80893128452201,2.2067521620675326
261,7467.429870665497,9238.436015018855,5.186164133168118,2.201063462869956
262,5082.970407999058,4359.13802469412,7.916028554359003,2.19540001867719
263,2998.206334956677,3868.8933675702237,7.449685940769197,2.18976171736953
264,4438.908500427406,3856.572902590374,7.572670280297553,2.184148447325029
265,3703.7773703553557,4780.1778523003795,12.707477839358038,2.178560097417286
266,7423.903596503454,5851.719034611082,7.910370240683706,2.1729965570132435
267,5541.934877109599,3628.529135362727,7.200616257148754,2.167457715971003
268,6201.289950912226,6152.365274110109,11.142739467022105,2.161943464637642
269,8063.736739880421,4875.968125382427,6.3870756534448345,2.1564536938470393
270,3859.4199830339576,5477.439107515806,9.841772035854968,2.1509882949177186
271,8399.996610382077,4837.689953316487,8.563151254288496,2.1455471596506976
272,3430.481375917557,2548.300652612269,9.263347826792316,2.140130180327341
273,671.2920891968288,5764.809435540172,7.099568407283001,2.134737249707232
274,8764.415969337677,6646.252159279656,8.069270089070631,2.1293682610260474
275,1393.2647223033446,7409.351316694025,9.026825831759346,2.1240231079934464
276,9800.826733696842,4969.608082614986,8.492650504262473,2.118701684790963
277,6398.653375603063,1924.1272283758985,8.315471597460643,2.113403886069913
278,7885.219088437484,5024.814958725966,10.942051671221634,2.1081296069493094
279,3095.646470405459,4717.2240847104285,3.782091741126692,2.102878743013783
280,6124.902942747732,6115.6164779782575,8.385465155890095,2.0976511903115176
281,7013.862021341507,2842.750283528624,10.802950129763564,2.092446845352192
282,8184.518959644483,3879.627405890359,8.740833004298858,2.087265605104932
283,6935.699913986261,3547.3761752641635,6.608056133457302,2.082107366996266
284,5718.628166707009,4427.7328285155745,8.578896795937538,2.0769720289081004
285,5681.291072664413,4708.842612017938,11.413736752778068,2.0718594891756945
286,5614.719114618224,3698.3444846274815,5.684477748346831,2.0667696465856498
287,5764.607286447663,6596.177836347199,6.996449620480999,2.0617024003739033
288,4786.448590514752,7450.55847213657,8.215761108737679,2.0566576502237357
289,7361.703446604821,1222.3648910597894,9.871820723791686,2.0516352962637834
290,4227.592804820175,5305.311480703413,8.695681087879333,2.046635239066063
291,6828.17144162349,8550.863548765778,10.585570535460988,2.0416573796440014
292,5502.821161683872,5227.193637540237,8.111169876903627,2.0367016194504775
293,1252.6583367944759,3495.8396445949847,8.441428233810083,2.0317678603758695
294,8590.028968268934,3969.1175459463584,7.905008441865106,2.026856004746115
295,2982.358282324422,6945.042285285003,7.286479120609387,2.021965955320775
296,6398.346397301766,4144.319979530121,8.94523318821781,2.017097615291111
297,8228.935491971035,6570.861491033378,8.675249367726293,2.0122508882781656
298,5560.618586916774,4702.979575503282,8.920054402109756,2.0074256783308577
299,12000.0,4123.105032474059,9.9347068969461,2.0026218899240797
300,5622.799885764839,6893.8316038476605,7.769498442648602,1.9978394279568115
301,4160.601772080421,8774.209978225037,7.836673604184184,1.993078197750231
302,9590.56589224294,5725.9609444142225,9.23305758575229,1.988338105045843
303,4293.000877772894,6333.319042026519,4.930391850525803,1.9836190560036173
304,6895.163483823964,7435.391705897311,5.602716256253071,1.978920957200123
305,7812.852433818945,4425.156906752832,10.24553717731012,1.9742437156266837
306,5727.1137388982415,5047.7371265567235,6.452749347385178,1.9695872386875362
307,6381.389714947472,3006.589589785771,8.172649409693928,1.9649514341979972
308,5640.13353102569,5980.456185654087,8.493644914763758,1.960336210382636
309,12000.0,3432.589104599925,9.717668622760534,1.9557414758734604
310,9360.291059088966,6685.22705065722,7.089378110974552,1.951167139708106
311,7833.969462588327,3974.2105640252285,9.061117819064105,1.946613111328038
312,6928.013770815651,5520.151736153534,6.689053866464434,1.9420793005767538
313,4783.263304741614,4670.399591416338,7.027721356026334,1.9375656176980036
314,3649.0049483801145,7565.036344731695,7.253828008167279,1.9330719733340098
315,6821.814328637847,8062.329231794012,7.4238816307468785,1.9285982785236992
316,7323.741885766782,5958.691226884708,6.860651798499876,1.9241444447009404
317,1465.317982163846,4281.709386450923,7.73151595911879,1.9197103836927936
318,3741.3379434569497,6847.527846170886,8.43732974603057,1.915296007717763
319,6358.393872805251,7069.760276934749,9.576659973263236,1.9109012293840573
320,4852.294407817877,2590.2158300837878,6.159595560628835,1.9065259616878631
321,6724.166011962146,5851.794161023454,6.052848373034259,1.9021701180116213
322,5369.616564339895,5957.712298116366,6.477941566138623,1.8978336121223103
323,7012.9990740740795,4409.869547413203,8.151200363750535,1.89351635816974
324,9101.173781638736,4588.083225196662,8.877893410370236,1.8892182706848548
325,3462.8994825267505,3228.116272805739,7.2543071602454186,1.8849392645780378
326,6282.320365052912,5775.13530027272,10.167609647354606,1.8806792551374285
327,10403.467957078454,3572.292513121758,8.676185410936897,1.8764381580272433
328,5193.865252161322,6133.378586767823,8.588019149579004,1.8722158892861107
329,4465.404438928446,5470.133018679297,9.496651862878627,1.8680123653254044
330,7729.003112233655,2820.6408919136184,9.563379807184523,1.8638275029275886
331,5921.598937434524,4118.137961233782,8.837816562443901,1.8596612192445754
332,8285.83331682727,7260.344815304378,5.85561164205807,1.8555134317960793
333,4864.746772603772,3442.492503837785,11.9067632293978,1.8513840584679864
334,7203.371358648932,3834.7830561697297,6.777237487956278,1.8472730175107293
335,5169.088708097332,4954.087199740102,10.462322763672425,1.8431802275376679
336,6300.664083854436,6460.192672010904,4.505750695325959,1.839105607523479
337,5774.621981628773,4738.674754189849,7.2620859084517875,1.8350490768025507
338,8628.821586578963,2711.0486122401494,7.691529294991737,1.8310105550673872
339,6211.266312492242,6834.9886686530635,9.725971620768117,1.8269899623670183
340,3344.7816537534695,8919.223981931113,8.978422177011367,1.8229872191054155
341,3859.0580074099453,4521.4192333731,9.063432625382418,1.8190022460399178
342,6592.249941795198,6267.853803677315,11.185549556903933,1.8150349642796626
343,4269.885126234189,3683.537760452676,10.994599510393039,1.8110852952840237
344,6865.542146118327,6991.231425325357,9.59277155474555,1.8071531608610556
345,4036.498916335257,7080.11562078203,7.228831030164993,1.8032384831659467
346,5487.23998405114,6241.649331558292,7.894177256757381,1.7993411846994785
347,4211.796787519236,6397.6221668978105,6.253464519956928,1.7954611883064893
348,5892.690863200391,6809.592613103787,9.303227941232187,1.7915984171743484
349,3745.952273420807,5120.838635126069,6.755855948296588,1.7877527948314358
350,5632.583315038412,1647.3541598971551,7.453377763929193,1.7839242451456276
351,6943.221691058077,4864.415488756156,7.539928744999281,1.7801126923227875
352,5117.65399118586,3957.0961929416844,8.42562375009015,1.7763180609052691
353,6617.300619778177,4408.543803904564,7.661222728721949,1.77254027577042
354,3424.1492866330777,5625.249613897139,7.436701402406562,1.7687792621290952
355,4077.814746304407,5544.723816423117,7.889626095360657,1.7650349455241754
356,4812.465371773309,2818.4330236839783,9.200867843542602,1.7613072518290958
357,4267.2420131054805,6105.5022889094325,9.84870591068429,1.7575961072463757
358,6547.429928436673,4994.141916882131,8.189384257678595,1.7539014383061586
359,8860.39524116492,6501.7502277299245,7.988927610482677,1.750223171864758
360,5367.564425620488,5505.73345962856,16.945669771348275,1.7465612351032096
361,9211.04492245545,5618.165199450716,14.47922328225152,1.7429155555258287
362,8140.337908645515,4367.399240834073,17.440949304265253,1.7392860609587748
363,4887.699548704659,6205.978129480855,14.530599173360617,1.7356726795486248
364,5780.636471154851,6120.383992406496,17.415918719049383,1.7320753397609487
365,9912.422500337623,5413.205148661094,19.065653239697795,1.728493970378894
366,6980.599720967787,5655.976058551998,15.926286296620788,1.7249285005017745
367,4381.922513565444,5679.428084263186,15.596125423428177,1.7213788595436696
368,7746.667973190081,5089.463432057423,17.154459442191033,1.717844977232025
369,5815.937269116458,3587.0792855179297,15.404777192034672,1.7143267836062601
370,6429.840999456796,3302.7884265795574,15.86000522079288,1.710824209016387
371,8717.919506879929,4157.82693045731,18.827235255104465,1.7073371841216274
372,6721.301059667949,7456.7650836787125,16.979666475508246,1.7038656398890422
373,6238.0091849733535,6871.182263351855,15.106900246185107,1.7004095075921646
374,5712.231989818524,6449.63727667706,18.359270587835436,1.6969687188096385
375,7108.136463914929,2200.833159352636,16.219447222434887,1.6935432054238664
376,3507.8027010654346,5950.4832788802805,18.62082088821954,1.6901328996196567
377,4172.546932224814,6414.237380223204,15.972867330462668,1.6867377338828857
378,8194.684269701942,5548.253138765263,18.22942258143688,1.6833576409991582
379,11627.713639584546,5770.799278870342,19.435052264853763,1.6799925540524778
380,6884.9330146403045,5902.145008394566,17.38687232683582,1.6766424064239211
381,8957.08177272133,5695.977182050761,18.040839215887154,1.6733071317903208
382,4810.59500586791,5283.382810393497,16.94866010540174,1.6699866641229515
383,6806.276248118023,3568.9076080694394,17.836854940808557,1.6666809376862215
384,890.8034932515293,4741.054131322565,18.750312562849455,1.6633898870363737
385,5814.347502776463,1884.2607254965283,15.25293712831851,1.6601134470201881
386,7773.9680200018865,4390.8163487803295,15.444590018026386,1.6568515527736938
387,4627.323874302484,6255.013409756864,14.029677420542585,1.6536041397208825
388,5440.158135618357,3228.8735545676764,18.573283516499597,1.650371143572432
389,8128.93237569648,3667.5914047779684,15.911812339495405,1.6471525003244327
390,3970.1603557659414,2902.3702854554335,18.018466880675522,1.643948146257121
391,7107.652917509675,8529.511396506989,19.539641601434315,1.6407580179336168
392,2006.9631278202583,6886.129922313737,19.438317469351606,1.6375820521986686
393,8355.860163813173,4291.216926842818,16.16037216372183,1.6344201861774033
394,5482.621034885515,8951.95073612687,17.287369886675897,1.6312723572740802
395,6106.458022452943,6983.286364988377,17.447957811645953,1.6281385031708537
396,7086.13539639094,6662.254541693031,18.039367420949148,1.625018561826538
397,1177.3585451427598,4891.334602264,15.520652089349758,1.6219124714753792
398,3337.418011044106,6176.9961423479635,19.309147844127498,1.618820170625833
399,6038.536379984365,6294.378940303626,17.516096351124766,1.615741598059347
400,3993.110650930824,2859.2961853846878,20.353566157132246,1.6126766928291494
401,3267.3529094739392,5508.317387156912,16.760924578897622,1.6096253942590408
402,7471.174491265492,4870.7287422568215,17.74809654187546,1.6065876419421945
403,4359.0729281410595,5040.459210691108,17.454223859791934,1.6035633757399612
404,5857.757412325619,6399.467108707066,16.320620255444396,1.6005525357806756
405,4672.533994283581,7141.563522313772,15.914676517446704,1.5975550624584738
406,5150.810566560449,3067.8949339383116,17.087983128391002,1.5945708964321126
407,6617.9161591268585,3662.6641514620514,14.8752347507866,1.5915999786237944
408,4094.2474465511523,4711.198134077909,16.626733632851156,1.5886422502179975
409,6606.490328179665,6589.369391967617,18.398671188256255,1.5856976526603117
410,4304.138317898157,4219.15896051062,16.138544098654794,1.5827661276562806
411,6169.696917064725,3516.5072349983852,15.77152609259932,1.5798476171702451
412,5756.852713528678,5516.372345187834,16.16497886223553,1.5769420634241955
413,2849.010438232617,1606.4878099689727,16.42988053779713,1.5740494088966286
414,6023.618295390474,5132.921358626137,16.198820924963744,1.5711695963214083
415,5213.166570900437,8682.804860033,13.982113957351853,1.5683025686866312
416,6710.4254417626325,5728.17057597577,18.44748487906525,1.5654482692334981
417,3738.0553600039416,3735.388063697136,19.062839112830176,1.5626066414551913
418,7514.709141049231,5160.32782357948,15.52333259016499,1.5597776290957563
419,4838.863463054148,3815.3511057632377,16.44142832656491,1.5569611761489854
420,7232.087480523934,2950.16314032612,17.737664365399244,1.5541572268573114
421,9696.66253619394,4394.800817394074,18.701801894329847,1.5513657257107039
422,2628.783354221186,3716.2442086175342,15.470883292889066,1.5485866174455682
423,3826.3498852124226,7212.0338084743735,16.320502858515802,1.545819847043653
424,4471.228790782241,8054.358712786307,18.3013359169366,1.5430653597309612
425,6218.291033674138,4813.616247048124,18.43366097775034,1.5403231009766651
426,6348.657822255569,4428.133212158065,14.704962742005826,1.5375930164920257
427,4645.31374997569,5566.740598981765,16.24456646819604,1.5348750522293209
428,7852.030550479549,3837.104927268725,17.234959066243988,1.5321691543807723
429,7705.493206747451,4706.342880563178,17.467541833060846,1.5294752693774818
430,8311.99709668637,5097.93581599135,16.305274539456406,1.5267933438883707
431,7619.090302891029,3817.3770420979504,15.953116002320177,1.524123324819124
432,8495.85293458488,3154.1540480656913,16.672775604815403,1.5214651593111386
433,4712.0301664797125,5515.480890680785,17.50202988954545,1.5188187947404783
434,4597.669098805334,5680.176308620536,14.921699063820475,1.5161841787168298
435,3870.0633101958774,3496.156284780449,15.07524151005905,1.513561259082468
436,6982.686174759076,5741.893341736495,17.384572740925552,1.5109499839112224
437,6438.380505737099,4612.712827374751,17.182577181246053,1.5083503015074475
438,7543.067406498681,4260.9039258232915,16.738907085377235,1.505762160405002
439,5280.394134354564,2153.5769141064657,17.649360540753275,1.503185509366229
440,8754.560280424797,6104.479619742977,17.655741726028726,1.5006202973809404
441,6536.260366359639,4563.33723536449,16.784114143292236,1.4980664736654081
442,5191.2105788609,4650.694040209123,16.76446011043883,1.4955239876613597
443,6035.251831635933,5941.809518139451,16.208793416565147,1.492992789034976
444,9220.82002545663,7186.152452874173,16.619928182634627,1.4904728276758938
445,5945.380396798924,4203.597616026914,17.113695227876114,1.487964053696217
446,6173.915680418722,5292.197427201433,17.331896843885776,1.4854664174295262
447,6714.691746528046,7681.519246277971,14.453532469608332,1.4829798694298955
448,7076.552928587257,5493.400962632761,16.672305966640096,1.4805043604709154
449,6546.465550074185,4565.9401015340845,17.497819033944783,1.478039841544717
450,7197.710241901295,7914.517098079252,16.686889905004193,1.4755862638610018
451,6968.524571008008,2923.341112204068,18.814412435993404,1.4731435788460767
452,6644.8902141346125,5476.610716706196,16.67963592059237,1.4707117381418908
453,9512.976689060693,4250.197635226979,16.99678589043187,1.4682906936050797
454,4518.963458707551,5976.968841610688,17.80205883043269,1.4658803973060115
455,6849.648313746154,5788.637618590152,16.602932451567064,1.4634808015278375
456,5499.127545425705,0.0,19.802034708324715,1.4610918587655495
457,4223.612156920761,6651.840366224371,16.64340023592704,1.4587135217250364
458,5503.706679593202,5533.0675475298685,15.099076515007878,1.456345743322151
459,3971.771526983543,7406.208277048143,15.380810565018027,1.4539884766817752
460,6232.596177994295,3413.1037778598857,16.703980168478544,1.4516416751368935
461,6331.015016786966,4602.806642010747,17.34909142852395,1.4493052922276695
462,6645.8652545214645,6284.443436030995,16.099469002276535,1.4469792817005245
463,5664.165950886489,4813.382858010561,18.50533329575573,1.4446635975072233
464,6051.303884652808,4918.280530198818,17.980236389995834,1.4423581938039622
465,4452.818049567961,816.4967495263509,17.337550179805742,1.4400630249504605
466,5059.47512560648,4656.576196346226,17.856846785564645,1.4377780455090585
467,4082.999730310739,7189.812938120684,18.388765671451022,1.435503210243817
468,3654.62657761646,6217.226217680381,16.369826247956258,1.4332384741196218
469,2153.9148391508606,5065.495865991641,17.05687190198998,1.4309837923012918
470,8192.54544395192,3401.095219520168,15.577594973915284,1.4287391201526933
471,8540.80153858641,4679.327630880389,19.7045776715383,1.4265044132358533
472,2548.718293743423,2252.6022857356165,16.387698512308464,1.4242796273100826
473,6501.434007897652,6491.261081651586,14.597559898453273,1.422064718331098
474,3748.364790134116,6062.094396220495,16.49130888229156,1.4198596424501513
475,4958.060063064315,4590.319171615119,16.454334312109765,1.417664356013161
476,5629.750633255427,6956.4759018169125,17.857160674508215,1.4154788155598483
477,4899.229054911273,6519.93781950206,17.786676994233297,1.4133029778228763
478,7905.892087923075,6359.764454917847,18.00690194958777,1.4111367997269932
479,11218.392174669218,7303.057385332031,16.858501791977325,1.4089802383881809
480,3375.4504165982676,8157.219059899238,17.5237940509873,1.4068332511128043
481,7717.334454236474,4307.848865073476,14.33300874694107,1.4046957953967674
482,7042.07644814596,4303.079003843623,16.624834666774255,1.402567828924671
483,5919.395271512944,4024.944556259276,18.953635273836806,1.4004493095689754
484,4366.813152274673,3474.275115242949,18.976557100701548,1.3983401953891663
485,2070.360150585553,2625.74544395817,16.075512306771017,1.3962404446309242
486,6893.733270640252,4280.00247258929,16.90825354147027,1.394150015725299
487,6281.881765291705,4744.3720768123485,16.69836124759674,1.3920688672878847
488,6197.413225679905,3164.4012711346854,15.248745420491824,1.3899969581180027
489,7461.221871132755,4257.04782716196,17.174716173666404,1.387934247197885
490,6979.243857255597,4635.633881018837,16.42308372856602,1.3858806936918613
491,5968.709558961135,4381.101775330363,15.61331734582739,1.3838362569455522
492,7466.181577774769,4161.049752785222,15.07293696870558,1.3818008964850632
493,6188.666670122761,4375.231146126915,18.095143057418795,1.379774572016184
494,6143.8195202743245,5639.033646761178,15.002714939310584,1.3777572434235905
495,8635.513813209542,3924.0637464006177,17.63976313890257,1.375748870770051
496,6132.277940857473,2990.800044840702,18.05913609195135,1.3737494142956348
497,2854.5056271985336,5023.499851829747,16.347962654961048,1.371758834416926
498,7821.543831275075,3756.277857710016,17.61453102069954,1.3697770917262402
499,7784.209828545345,5543.026925412083,15.071789557551883,1.3678041469908415
500,5786.623355738797,2674.3898166868257,17.856278888093723,1.3658399611521703
501,8393.073790343882,5634.527827109291,17.801072502159037,1.3638844953250657
502,4972.9455680827705,5000.379704193358,17.160033470002457,1.361937710796999
503,6002.515050919868,5971.071560547137,17.52513835045758,1.359999569027305
504,8589.29992349982,2119.092492436941,17.07320963655701,1.3580700316464203
505,5369.815662800688,2046.1898585874392,15.527476114382445,1.3561490604551238
506,5188.152535007681,4885.898760233041,17.38448105661104,1.3542366174237794
507,6197.127610093702,3177.622291234534,17.344593650729138,1.352332664691584
508,7702.6386048938975,4130.1668487843135,17.59822856979919,1.3504371645658173
509,3618.533971454688,7314.117037028736,16.932861377449512,1.348550079521097
510,8217.845633734778,5310.726381550414,16.78815480415342,1.3466713721986334
511,8139.002606676408,3440.1558109762004,17.77019625268269,1.3448010054054926
512,8719.815707263733,5338.333374699458,13.090135925140315,1.3429389421138582
513,2577.3982312605663,4821.164942011565,17.953738514677006,1.3410851454602994
514,8307.359413028842,5074.153875696261,16.44470424559389,1.3392395787450408
515,6261.363060328051,9023.970943281745,17.021999742079498,1.3374022054312347
516,5450.758269354011,6232.230781517505,15.793475010737088,1.3355729891442407
517,5344.099659698766,2203.0635567597037,18.238861737939423,1.333751893670902
518,5471.953174810662,9191.089151242913,18.078518151329025,1.331938882958832
519,7100.867230110174,4078.2516077238497,17.18307740425377,1.3301339211156968
520,6282.113555398625,5114.140705437424,15.727081210321739,1.3283369724085088
521,6192.830168875123,2618.5744314761914,15.74004873777154,1.3265480012629154
522,1283.5308840455318,4787.220490308525,16.80472295067428,1.3247669722624975
523,4794.863352481008,3656.131109104891,15.296024961688873,1.3229938501480671
524,6400.952416705067,4296.219256267845,17.9954249924496,1.3212285998169695
525,1252.266811174155,4171.104313079251,17.133381244912496,1.3194711863223887
526,7522.092872294184,6873.899654605859,16.554659772832697,1.3177215748726543
527,5317.87583107604,5226.666660510485,16.248672056150593,1.3159797308305548
528,5110.026023695508,7914.191384259119,17.327787183053676,1.31424561971265
529,5963.964719907693,4650.918627067028,16.822601343182743,1.3125192071885892
530,3650.8319410581194,5196.415632028585,17.233419188119885,1.310800459080432
531,3561.171618651559,5149.129023725167,15.553035325504691,1.3090893413619702
532,7463.398609787448,6795.725361051559,15.682104072938829,1.3073858201580562
533,7314.958576191421,6896.326047764479,19.29884468946077,1.3056898617439299
534,4899.919370281781,4020.0195805579924,18.195453350323582,1.304001432544554
535,7636.761259795816,3801.5094871438005,16.47117060638322,1.302320499133946
536,7982.020443971668,4522.928977210215,15.943350561838985,1.3006470282345197
537,2015.8858692072322,4143.758641981593,16.00451527392496,1.298980986716424
538,7598.710080359424,2386.514228674406,16.285891010059864,1.2973223415968884
539,5917.9454192761095,5127.511204497284,16.364052182632634,1.2956710600395693
540,8071.056535528694,5817.49808175097,17.539506399442296,1.2940271093539002
541,8013.4175947066,5406.582523628169,19.393541754636516,1.2923904569944447
542,6151.808521990286,4728.508095864035,19.55073584981669,1.2907610705602515
543,6794.49120145858,5706.002838920029,19.43194440731901,1.289138917794214
544,7198.415893959928,7791.770912270251,15.938841900451417,1.2875239665824312
545,8524.589366959477,5543.8675732330075,18.125717674845998,1.2859161849535714
546,6782.240779567993,4265.903558362187,17.392043397380746,1.28431554107824
547,5123.696435743143,5886.784172764597,16.929365503856857,1.2827220032683495
548,5092.161339127555,6951.2519118568,17.23547730798916,1.2811355399764914
549,5051.977665139197,6002.596765586115,17.83426358247779,1.279556119795312
550,5929.598518527639,6644.690620261488,17.536965142383863,1.277983711456891
551,11644.10701768065,4286.935034933477,17.346564597012502,1.2764182838321219
552,6894.01928154047,5385.772127502211,17.49859134087128,1.2748598059300962
553,10585.846790469579,8535.590917135683,17.069861715323558,1.2733082468974892
554,8375.261303945326,5739.754088029706,16.094081464269212,1.2717635760179506
555,5198.762776270564,3630.954980611895,16.358595133486066,1.2702257627114948
556,6537.299670752903,4184.515860131075,13.924799283969353,1.2686947765338958
557,6053.145224788103,7904.856583533385,18.09585615442347,1.267170587176086
558,6059.570797175036,4964.97624395064,15.894881166008654,1.2656531644635542
559,6772.557220799657,6186.603690688272,16.93619602726615,1.2641424783557493
560,12000.0,4192.524519455166,17.068198353657518,1.2626384989454849
561,7705.469103280602,3536.0432391058102,17.55239096954491,1.261141196458349
562,5451.051335247402,3273.930876325708,17.53716600338654,1.2596505412521113
563,5530.261957363351,5625.221336734541,18.028879529909347,1.25816650381614
564,5987.896440546696,8347.00152437899,16.60208729529117,1.2566890547708156
565,5728.935882755107,5531.694678792433,15.510913358500222,1.2552181648669483
566,5160.9139513094815,5863.182036824688,16.996524123700052,1.2537538049852017
567,8136.605044765529,4696.2879421369125,16.304796122821678,1.252295946135514
568,5139.639515359372,3753.7212587018744,17.7451333010815,1.2508445594565254
569,2248.4058197507156,3953.505297400903,17.44297959719762,1.2493996162150056
570,4759.85631458305,3305.9335099802624,15.695107738538974,1.2479610878052858
571,7672.289772882392,4482.271174437176,17.51620694420139,1.246528945748693
572,5314.018333231074,3944.6444915413717,15.815372803548321,1.2451031616929842
573,7116.058531885326,5200.61938610394,16.512221262444445,1.243683707411787
574,3144.7084172138007,7793.34751441745,16.823645963394785,1.24227055480404
575,2813.35636099793,7153.366538442782,14.743293916249069,1.2408636758934366
576,4364.117748989697,4740.928135312582,18.49185670120992,1.2394630428278708
577,6689.598194505441,3815.062804321145,16.175601868336766,1.2380686278788866
578,4789.971381602484,5813.98457690909,15.818969217257235,1.2366804034411285
579,5263.347599996618,1658.40865358265,16.76675602572635,1.2352983420317947
580,5641.391696063113,5505.64018347656,15.878643178237278,1.2339224162900941
581,3790.16249114532,2502.6988819570374,20.031747713891875,1.2325525989767032
582,8743.464198686102,5294.449246081466,17.698598968188985,1.2311888629732284
583,9407.871867397356,6662.7886932709625,15.26857916870931,1.2298311812816676
584,7563.963028545324,6262.912905627972,18.041250576133137,1.2284795270238766
585,8541.317131248254,7054.8302079938985,15.373944501146958,1.2271338734410375
586,6447.421189067305,4637.204304125406,17.304036945660187,1.2257941938931274
587,6333.85883756765,5332.644146171324,18.545379257427705,1.224460461858392
588,6917.838221706484,5044.871429375072,16.651856257323015,1.2231326509328213
589,6178.883357666661,5800.5349852887775,15.635459214764577,1.2218107348296254
590,7676.028859159837,2882.1603316909077,16.816214582802452,1.2204946873787144
591,4382.808021957863,4867.420960245566,15.657986217395807,1.219184482526181
592,7782.307721263862,5187.542721362839,14.258846152877302,1.2178800943337844
593,9338.588777993566,5481.406941778704,18.152529615461418,1.2165814969784368
594,5453.952207988478,3690.62188563439,17.568465405937303,1.2152886647516918
595,4147.822626178147,6905.720827093362,15.772873554231163,1.2140015720592359
596,8425.935117447269,4980.298998883877,17.83145099403606,1.2127201934203817
597,7068.504102453776,5643.013422925997,16.979136789670562,1.2114445034675634
598,6656.4448634397,3141.9226214386294,16.13252305882934,1.2101744769458347
599,5103.868736996543,3837.614253334711,17.484534637012246,1.2089100887123685
600,6914.414164434176,4591.620329612356,16.556978014258714,1.20765131373596
601,6164.280275437543,7627.353294783934,14.88982626910348,1.2063981270965294
602,6455.560192631019,6122.560578076075,19.372152835260874,1.2051505039846309
603,6954.665813735519,7529.326164097801,19.07959885019156,1.2039084197009595
604,5191.889531826856,3487.4354063624833,18.255256992365904,1.2026718496558635
605,4617.676896180278,8185.243329237922,16.843993252103477,1.201440769368857
606,3600.601695884874,6093.408403766505,18.622083732633207,1.2002151544681343
607,5083.390180885115,6647.90930336827,16.35549720347878,1.1989949806900901
608,5466.69989827304,2657.9516521347145,15.418307958325009,1.1977802238788362
609,7443.138061142121,2761.2694766840946,15.888662701183577,1.196570859985725
610,7800.012386820195,3979.404287600739,18.574420193697442,1.1953668650688731
611,537.5627268096569,5725.339474833186,15.628092762772155,1.194168215292687
612,6017.479967383274,6247.185552643949,15.544327988236956,1.1929748869273913
613,6824.096942192781,5169.389309565536,16.437365079187163,1.1917868563485594
614,5550.8924641295325,3486.101310338787,15.621528279516566,1.1906041000366454
615,5955.058643191727,6894.443055757169,17.277560809523848,1.1894265945765183
616,6316.069974608746,5756.293629369724,18.77342982147058,1.1882543166569988
617,5503.0696174470395,3160.326918848853,19.439531276688598,1.1870872430703974
618,6457.280870069778,2275.889323287533,17.219937634977384,1.1859253507120557
619,2999.4036110421744,4172.028290232703,17.218688394129845,1.1847686165798883
620,4493.846030810868,3599.886372429465,16.906456178060598,1.1836170177739278
621,5525.786848009791,5103.991068925137,16.94135390999253,1.182470531495871
622,4948.378219213799,5509.661737357152,16.328485684625942,1.1813291350486281
623,4364.9146548000945,4367.798235111399,15.560578273977173,1.1801928058358733
624,7241.270936655289,5781.612821854152,19.37651041524667,1.1790615213615967
625,4420.935542918174,4996.689825740301,15.92960731561782,1.1779352592296601
626,9388.817826220298,3051.207559334885,18.736051356687028,1.1768139971433529
627,4619.204054754664,4349.026096621332,17.717376956968515,1.1756977129049508
628,5384.01709538767,5140.89150124125,17.37203815132364,1.1745863844152762
629,4212.561238338761,3378.6754827054533,18.8444593938418,1.1734799896732613
630,3910.5877419860494,5461.325599700223,16.881723988974727,1.172378506775512
631,6793.211089654422,8936.638610706425,17.242976284280907,1.1712819139158737
632,3997.1211934373664,7411.946861931148,15.559779117479932,1.1701901893850017
633,6214.835192954633,6119.612886143537,15.26846380686247,1.1691033115699292
634,7637.080121978246,7353.180424517404,15.332407293482378,1.1680212589536398
635,3884.3203658684974,5829.696790442405,18.4428067141452,1.166944010114643
636,2820.0357451935247,5588.680262783442,15.8755558643889,1.1658715437265488
637,8859.536156017368,5108.742004013963,16.318233401796565,1.1648038385576451
638,3229.5917563102776,6803.132516142933,18.572981976468473,1.1637408734704788
639,6945.845402763163,6159.4533380088415,15.856730417585341,1.1626826274214368
640,3361.149833240509,3074.3137132406873,18.363497969070625,1.1616290794603283
641,6596.509254710588,3939.8060256759336,15.894398001473174,1.160580208729972
642,7330.571155823046,8025.69687979577,18.987299157512233,1.159535994465781
643,4886.047760178174,4849.6763305261165,16.251187684179474,1.1584964159953544
644,3075.2781757475022,5452.926600182371,15.480155922325043,1.1574614527380647
645,4473.641012973185,4000.5139303355195,15.209332476896359,1.1564310842046537
646,4642.966811869927,6939.713368713317,17.24560804567852,1.1554052899968248
647,4596.615219551147,5796.107967486997,20.31014383823958,1.1543840498068394
648,0.0,4950.054468655745,17.170881174396623,1.1533673434171157
649,3371.02087867653,5869.424013346011,17.929100548924126,1.1523551506998275
650,4508.641533954531,4630.277197632371,15.60788738230855,1.1513474516165068
651,5773.971972639367,4358.246300280783,18.636210619000813,1.1503442262176455
652,4388.55021351438,3066.8233904361323,17.91682382490915,1.1493454546423028
653,6750.264161300309,5858.248123808692,15.708648435115979,1.1483511171177092
654,4633.141569001755,6941.294337699122,16.811843105721085,1.147361193958877
655,7011.659759323927,5661.310909450006,17.234545996799394,1.146375665568211
656,8305.409815047413,4021.808332979365,14.761476656057196,1.1453945124351181
657,6575.947991633103,5083.113466241647,16.958212630765935,1.1444177151356236
658,7256.200492473882,7838.427511344629,15.983631792980566,1.1434452543319853
659,4527.850216173546,6029.374679834864,17.340084483842283,1.1424771107723108
660,7595.395120980225,2058.6030343020307,17.031690192016853,1.1415132652901772
661,3559.5428686408345,4277.037272114176,18.55980125022776,1.14055369880425
662,5632.000523678949,2149.371199824516,16.101712822674862,1.1395983923179074
663,6829.246792918419,7291.7975570085,16.9564451891998,1.1386473269188626
664,5596.681415602723,4995.2227241285345,17.49275668680006,1.13770048377879
665,6353.006422517768,6114.209007150007,17.568293999825727,1.1367578441529527
666,3961.915844101447,5437.469047416797,16.376674317485072,1.1358193893798307
667,7515.295967655227,3998.0625299347166,17.77114010334418,1.1348851008807526
668,3792.1814628655766,7339.462144167612,18.519820907749885,1.1339549601595265
669,3730.039317697771,3246.1786324850614,17.255530852873612,1.1330289488020744
670,7897.697000066177,2368.371357068596,17.86035374662414,1.132107048476068
671,8517.925018284233,6400.001047976539,16.516146912404242,1.1311892409305657
672,6574.397489876997,6520.602973275456,15.81636076234945,1.1302755079956501
673,5438.347889839155,5387.701166557701,19.340985144013207,1.12936583158207
674,3784.2990587887266,6502.70406411289,18.541461270388112,1.1284601936808816
675,3845.180094424207,3497.255185669188,16.44595241093606,1.127558576363091
676,5123.125803556255,3839.8702620947743,16.98966084816976,1.126660961779301
677,5119.819036001776,4445.474525728312,15.995215937877031,1.125767332159357
678,1402.9622929719262,2696.521326378155,18.358869104681588,1.1248776698119944
679,6760.501147425432,7278.53604308986,17.1840227843127,1.1239919571244892
680,2464.3920242474196,4982.4746945593615,18.073082640824303,1.1231101765623093
681,3194.35845150804,3334.575577324953,18.426471466520127,1.122232310668767
682,4893.897581782928,2481.6649629651856,16.818729175761106,1.1213583420646747
683,6490.93249776313,4040.1706832855266,15.30845784053298,1.120488253447998
684,6209.4544127017325,5437.124120798334,16.77464768543739,1.1196220275935167
685,5911.350831992668,3493.512788527538,17.58596343617407,1.1187596473524808
686,3807.235524538934,5372.867726319504,15.785858117240181,1.1179010956522728
687,5888.470574142311,4550.762156803873,16.586271219070966,1.117046355496069
688,8507.383072868854,6023.693434385077,15.36151244740635,1.116195409962503
689,6013.022951319128,2747.779204780465,17.35920033459503,1.1153482422053318
690,7294.151001194416,2412.313337655345,17.71606758028821,1.1145048354531
691,1747.4744927927832,6489.524056260012,17.377035434079186,1.1136651730088103
692,6225.670239818753,3875.2208083162013,17.11582657498679,1.112829238249591
693,7674.397900993248,8822.378738306077,17.634174979481088,1.111997014626368
694,6963.831030231973,3144.931333566512,17.711211445745295,1.1111684856635373
695,6886.621084098115,6946.172577601303,16.26932244184646,1.1103436349586375
696,4372.260975452287,7367.505905415233,17.249249609171965,1.109522446182027
697,6383.804028339493,4055.7005472953942,16.48114825999108,1.1087049030765588
698,8071.342769777771,5971.751937792587,15.30178095380939,1.1078909894572606
699,5689.152237634911,4708.205116946921,18.14066154313379,1.1070806892110123
700,9487.059352852399,6608.410850877135,16.620360088590882,1.1062739862962288
701,3728.8962058885872,4011.463283938404,17.39285656242807,1.1054708647425413
702,6658.3599705893885,5676.872014288762,18.431905158025156,1.1046713086504814
703,5537.658429057244,4041.44974093443,16.925812235406706,1.1038753021911674
704,2833.564988634885,8443.362647146248,17.34076436187255,1.1030828296059885
705,6349.941737065179,6526.660018121743,16.88177162487445,1.1022938752062956
706,5749.293503775019,4761.5210433181555,14.093747865763682,1.101508423373089
707,3715.8514461154414,7012.589950819908,17.303834489885528,1.1007264585567094
708,2744.854864041137,4151.758100107789,15.985557704964217,1.0999479652765303
709,6386.950898259601,5433.322834965454,16.802951051088886,1.099172928120652
710,6021.5487251207205,5018.85373028358,15.515941436728514,1.098401331745595
711,6137.178689667419,5776.321592753281,15.978486523723543,1.0976331608759986
712,8052.132261465054,5626.750957420805,15.56543919258039,1.096868400304316
713,6391.152958287191,3532.557889844803,16.08455397349372,1.0961070348905153
714,4570.073205528085,6728.045815540087,16.746549212324712,1.095349049561778
715,11135.27979256742,3766.1261391050803,17.219774154600767,1.0945944293122014
716,9643.495981278726,6068.954689454791,17.489695457833133,1.0938431592025026
717,5596.848295995887,6652.220453683324,17.322908163373146,1.0930952243597205
718,6307.440412413324,7572.513107533081,18.22717325798512,1.0923506099769233
719,1635.551084312683,7263.555196210247,15.378081324871037,1.0916093013129147
720,7401.232794225339,3007.100139850114,13.417739798633207,1.0908712836919416
721,5370.646603504981,7349.431113085658,9.03672051540946,1.0901365425034042
722,6703.803369591702,5713.443795835503,11.704230401131927,1.0894050632015664
723,3269.9832375433475,3398.429739387073,9.738068830659852,1.088676831305268
724,7123.400941365766,3030.9918688573352,15.128833427062222,1.0879518323976378
725,2195.7112270616203,1715.6007190060964,16.360005575443807,1.0872300521258091
726,553.6953516495587,1564.291776304598,12.902174084667099,1.0865114762006338
727,9126.133703553045,3196.597179402077,11.715114390772158,1.0857960903964012
728,1757.8264723544498,1692.237798539617,12.3465410634423,1.0850838805505556
729,2523.2998793959146,4922.717407251079,11.366984732823985,1.0843748325634157
730,3856.12119416736,3845.159801861113,13.85474256398995,1.0836689323978963
731,5467.119599216559,6183.205193245426,9.643668752941709,1.0829661660792294
732,1291.5432903388255,7372.537044848486,14.877122596641952,1.0822665196946881
733,2842.16829830596,4567.296500344173,9.760923863015014,1.0815699793933118
734,3282.0873091546896,2321.2141793871006,7.7693052446016395,1.0808765313856306
735,5059.661728209769,3716.2174675400656,10.619696875675459,1.080186161943393
736,9483.16882792973,4540.164282614312,11.83869866883676,1.0794988573992945
737,7068.494907981603,8021.540302594143,13.960448190068766,1.0788146041467066
738,5949.416418855939,2037.1584963420732,15.168096813366638,1.078133388639407
739,4197.496186418225,6410.619791860336,15.558549549498576,1.077455197391313
740,5373.214705717881,7301.648808051948,12.099499220071646,1.0767800169762116
741,5399.97899357843,6860.052937318831,14.808782974030752,1.0761078340274977
742,6653.136597670551,2944.7322508145508,15.241526215640297,1.075438635237906
743,6363.550942504378,4621.889476166768,15.155444043561705,1.0747724073592486
744,5458.439722933594,3514.989321911028,7.622098443894099,1.074109137202154
745,7017.262280690042,3030.002223536197,10.982288536323098,1.0734488116358043
746,6109.129991845699,6217.660451775909,12.435611713435797,1.0727914175876763
747,2588.9160405574235,4935.151781295894,16.689478662794777,1.0721369420432816
748,3424.6086601830693,4646.020154883837,13.889229622956694,1.0714853720459108
749,4215.9096250506545,2790.8198142578062,12.08662773381132,1.0708366946963748
750,8208.300254307716,3251.9234711062045,11.889737341332637,1.0701908971527512
751,7748.004605310189,3567.2499758888716,11.95561635027784,1.069547966630129
752,5697.375737690656,4455.360674241382,11.271965098692016,1.0689078904003562
753,6187.3185266445025,8374.151260892755,14.525538100221643,1.0682706557917871
754,5299.76491276127,2570.1067122622135,14.46401557269974,1.067636250189032
755,6304.450215730949,7515.171215198181,10.768901603738152,1.0670046610327075
756,7244.05233733828,5850.390557838295,9.545331785561569,1.0663758758191875
757,6576.106825944955,3663.2569172987296,12.004624335263266,1.0657498821003553
758,4538.624135289375,6524.205922672772,11.613828156358222,1.0651266674833586
759,5374.205487057483,1582.0805647710154,13.479620563785272,1.0645062196303623
760,6370.2811836549245,2243.034587072014,16.319568041063093,1.0638885262583055
761,4326.526680485599,3062.6850529303692,11.3009525825984,1.0632735751386586
762,6533.633891636906,5066.985160719153,14.427619227440882,1.06266135409718
763,7202.65121161599,5515.69089145214,14.385070696429958,1.0620518510136756
764,5948.340643350812,4690.090083531156,9.38616665971455,1.0614450538217592
765,8109.379550916817,5386.6308900294225,11.696475045494536,1.0608409505086136
766,6732.745845520308,3407.228501374183,10.741924598952522,1.060239529114752
767,7309.963885738991,9717.247959790791,14.573543972747046,1.059640777733782
768,4447.91962415925,4680.739122965963,12.275119017211352,1.05904468451217
769,8486.23005744243,1077.545080111664,12.751358409621652,1.0584512376490058
770,7143.118087396972,6192.446518461733,12.244438003206977,1.0578604253957697
771,5652.187391409596,3949.8715642437464,13.633322625272902,1.0572722360560995
772,6869.622363785339,3513.270520271538,11.484221239336906,1.0566866579855592
773,6023.804805991496,5418.947839561777,11.981068501856406,1.0561036795914076
774,7734.994624824157,6105.68109575603,11.347895883966151,1.0555232893323705
775,5729.468509816656,4960.637758979462,11.200082660463764,1.0549454757184107
776,5255.280975003545,6037.173755286424,12.31760451253484,1.0543702273105011
777,5099.2993319052075,4047.563237238959,13.526849954935846,1.0537975327203983
778,7464.9792681693125,7260.083400281313,9.958031375994945,1.0532273806104175
779,6789.183754304985,5772.196685156272,14.317808568989786,1.0526597596932066
780,10312.17280432289,3015.11230472684,9.325423700620979,1.0520946587315243
781,5881.296656816566,6125.129454058964,12.715733542646579,1.0515320665380175
782,2871.0688242568544,4959.065365559192,15.157214879087066,1.0509719719749986
783,6985.827753488536,3550.894449274799,15.768077066449818,1.0504143639542263
784,6276.876845300915,2817.6273356930983,14.14706978304643,1.0498592314366855
785,6300.306321379892,2158.985873342133,9.750939245926157,1.049306563432369
786,5618.09646601501,7333.494780643625,12.608071920465749,1.0487563490000593
787,5917.231780213265,5690.426235899495,16.816038971144692,1.0482085772471132
788,7198.716937475209,4714.084444557147,15.661789169230381,1.0476632373292447
789,7092.831445555539,7823.93411088355,12.789054968285186,1.0471203184503117
790,4523.203913334735,8934.29934528706,15.5289792707113,1.046579809862101
791,5519.689513964786,6511.543311766103,12.641440945465089,1.046041700864117
792,8910.097231723736,5766.228413755767,14.18396146071193,1.045505980803368
793,8390.715282099593,5519.052261203778,10.446795835802316,1.0449726390741567
794,6464.75683850048,6796.761622533758,8.994947473540275,1.04444166511787
795,5988.175921614092,5132.101109780433,11.329940023667595,1.04391304842277
796,969.3256945424555,1771.0898858648184,13.40329984238296,1.0433867785237851
797,5864.402526536314,4351.553884559716,10.911486972254618,1.0428628450023039
798,4783.790344438177,4314.084632260871,12.014081876794023,1.0423412374859682
799,3586.1314040667726,3956.353217026649,9.266847201729787,1.0418219456484683
800,3169.818577026689,5919.54905338525,10.71521457504379,1.0413049592093377
801,7096.097511062352,921.4096634963739,9.76940490708417,1.0407902679337504
802,3003.3796703622925,1701.3140636467178,11.159504650545264,1.0402778616323176
803,4819.996392493012,5262.639592435106,8.633326720557069,1.0397677301608872
804,6378.666876804019,5199.643364315903,12.020654510589845,1.039259863420341
805,10020.910295509553,5125.438782425621,13.072825781895697,1.0387542513563965
806,5916.277756023221,4273.281936595802,13.578061931746534,1.0382508839594073
807,4602.184237996176,5526.934416978697,15.296623870369187,1.037749751264165
808,8569.318922706676,4363.092388488535,10.950028908619839,1.0372508433497005
809,6849.159385582214,6181.601174535514,10.95277861288125,1.036754150339091
810,5975.033411631917,256.1048212547985,11.271751300527665,1.0362596623992602
811,4989.983003202826,4976.404281120917,13.97886206293982,1.0357673697407872
812,8183.92751945428,5242.9033353247005,13.533011980452798,1.0352772626177114
813,9100.800620467435,2350.5583803013524,12.084557900406036,1.0347893313273382
814,9146.187282918427,1467.8393516815577,16.178491020627952,1.034303566210049
815,3956.5779016840183,4883.380426814319,12.772730027180213,1.0338199576491094
816,6377.5961031904335,3018.441983381611,12.028628321313734,1.0333384960704777
817,5602.731738318694,3596.9853019486086,12.206134525779671,1.0328591719426166
818,3887.519219684708,5931.957901102236,12.695900310624378,1.0323819757763042
819,2889.8907623146006,5559.774872227175,11.638203526668843,1.031906898124446
820,4385.686960272286,6437.191845926167,6.68223693216192,1.031433929581888
821,8682.808600702625,8726.94951908504,13.836351291879613,1.03096306078523
822,9789.022031935889,5783.13064055774,14.397246564965625,1.030494282412641
823,4315.396508015428,7486.898345636984,15.608950535375836,1.0300275851836747
824,0.0,4010.923077293277,12.915036650756164,1.0295629598590843
825,6775.050127454539,2117.3823938106116,8.76302703248939,1.0291003972406418
826,9982.336334423464,2477.527445491709,14.003686601052197,1.028639888170954
827,6425.151279018228,2192.131866721091,9.858965532855308,1.0281814235332827
828,3660.3266214035434,6174.481465844936,14.963996946133118,1.0277249942513624
829,5313.141919418618,8782.798576300118,15.095471363940424,1.027270591289223
830,2406.109080759663,3918.7204726505215,9.660280915864902,1.0268182056510087
831,8154.583920968889,1243.0738760899053,14.473018351105168,1.0263678283808013
832,6771.83041089318,4909.508461951776,12.626020472742171,1.0259194505624423
833,5988.149076987121,4535.109892266807,10.529753939445234,1.0254730633193565
834,6914.3347206954195,3151.0560707921054,13.603782861879937,1.0250286578143761
835,3195.6680913792948,6330.904566590675,11.371669798335942,1.0245862252495668
836,5144.0863945357305,3953.3615157377,7.9911411230019755,1.0241457568660515
837,8353.756269789685,5357.799245697165,15.486252610305781,1.023707243943839
838,3305.482371567374,5709.1997091429785,13.741944617570642,1.0232706778016505
839,8066.689947982115,5052.952945998217,14.429764576994678,1.0228360497967475
840,5449.047277137223,4398.025213909505,16.284964527525688,1.022403351324761
841,3188.967676062744,4964.943487555839,13.54728267150255,1.0219725738195216
842,6665.310501336351,3636.217124610864,14.803823306626164,1.0215437087528885
843,8994.119241910854,5262.186151107908,14.758481111406738,1.0211167476345828
844,4983.929235810926,5728.4235348692255,12.076234633651701,1.020691682012017
845,7657.285974213154,2878.291641955477,12.307208932183915,1.0202685034701302
846,7333.546096766655,3504.5584993579305,13.024471776312641,1.0198472036312192
847,5617.6732700082885,4562.799139383554,15.08036646688984,1.0194277741547737
848,7875.601582311164,3973.8460692345507,12.366799689454506,1.0190102067373117
849,7187.496278424719,3334.7272074309194,10.455714775862905,1.0185944931122144
850,2953.5733971866134,5036.918027801225,14.057133482678445,1.0181806250495624
851,3597.59467540359,5844.02631967773,16.0097669296996,1.017768594355973
852,5662.465029686993,1058.5644587067109,13.586536531713566,1.0173583928744385
853,8089.9495251270255,5380.677147200696,10.704845149610115,1.016950012484164
854,5473.697781457058,6629.608814164176,17.013106923817418,1.0165434451004067
855,10011.921668199991,2916.851673018553,14.161137885032403,1.0161386826743166
856,7907.749054344769,6998.005152799264,12.387845137762232,1.0157357171927763
857,4963.092457582462,5959.022220248107,14.064093268038937,1.0153345406782424
858,2558.155011367139,3265.1905263820286,12.312803430392247,1.0149351451885884
859,5845.887166724992,3113.53040369017,8.936193529044024,1.0145375228169462
860,6435.945987390484,5029.920263401411,14.50551065326435,1.0141416656915512
861,6670.752548818564,4180.858109991307,14.929416523972515,1.0137475659755844
862,6906.444754978935,3841.3093441833526,15.717122600832672,1.0133552158670196
863,4742.639375855046,8307.543525013894,12.829174063318446,1.0129646075984668
864,8316.748378502343,6624.8527493993715,14.1905033873428,1.01257573343702
865,3992.396115139527,3981.882723730254,13.306887715260238,1.0121885856841026
866,8402.565235341648,5507.696517559825,16.234521207175185,1.011803156675317
867,4082.898785270833,5155.752379110352,12.539180910679123,1.0114194387802908
868,6258.449500176078,6155.770748901166,12.62192608233494,1.0110374244025273
869,7354.29718030253,4695.777350478499,12.080012733177094,1.010657105979254
870,6939.601905666152,7321.788112354838,13.068275314357763,1.0102784759812735
871,4130.806759527617,7626.1865508558385,14.706919544142236,1.0099015269128149
872,4033.0944555775227,4906.275889931408,16.51164602324411,1.0095262513113836
873,3078.6096942560134,5767.8117341544885,12.55445272956284,1.0091526417476158
874,3412.5703337367668,6233.977609298043,12.170311947483793,1.00878069082513
875,3167.735352356808,4940.008438984278,8.995017694906235,1.008410391180381
876,8576.633883948252,4591.733443446485,12.510357546384617,1.0080417354825142
877,9632.114704521056,5851.896469452385,10.565278238949045,1.0076747164332203
878,6924.280039086741,5318.500707999618,18.0538989261034,1.0073093267665907
879,7152.211150177315,7454.096074562154,13.346790337019959,1.006945559248974
880,7431.4399959640195,5577.374985247937,10.073797625152228,1.0065834066788326
881,5554.2897436477715,7935.927665070558,12.616474540421256,1.0062228618866003
882,4851.8690500882285,3114.3554704961252,13.99465909014058,1.00586391773454
883,5644.021963319398,4242.901144864812,15.2649383141107,1.0055065671166026
884,2539.5876147970916,4076.813608129203,13.592416305205967,1.0051508029582867
885,6119.4261875481625,4605.657578991754,15.302660510705117,1.0047966182164978
886,10011.227142894284,4450.450426765443,13.528285793693055,1.004444005879409
887,5660.750185931747,2297.804183396189,11.962713331031516,1.0040929589663234
888,5188.4463644109155,6966.497055165546,10.291971553932846,1.003743470527534
889,7181.152193528964,4979.516706415922,10.582653644527033,1.0033955336441875
890,4848.88255155536,4696.455457904113,12.912164976287615,1.0030491414281466
891,3751.747707855441,4860.749763462703,13.049757434754415,1.002704287021854
892,4288.076776144828,4977.257047443923,8.497181013830511,1.0023609635981974
893,8839.38707276302,4393.472856836948,9.918910952458237,1.0020191643603718
894,5051.569356217176,2444.0614610125385,13.562041079103516,1.001678882541748
895,3256.1353398692454,5551.26344614877,11.680303947573316,1.0013401114057368
896,7375.735127108298,5192.80250535866,12.58013158616897,1.001002844245656
897,6581.08569701958,5421.1543365148555,12.601934275208677,1.0006670743845982
898,4595.85227478536,3343.804506701687,10.399238812644251,1.0003327951752978
899,7035.027245625435,5548.045260219474,11.971236901120644,1.0
